run_id,validation_gate,t,observation_count,association_count,mean_mahalanobis,max_mahalanobis,mean_abs_alpha,mean_abs_radius
hw4_b_ekf_corrected_gate_3p0_20260623_013246,3.0,433.587,13,12,0.22598324347642254,1.0438472650752981,0.005617429693053671,0.005964346835936292
hw4_b_ekf_corrected_gate_3p0_20260623_013246,3.0,433.788,13,12,0.34078264052567997,1.4023633639527082,0.007521458493658927,0.007816214066226698
hw4_b_ekf_corrected_gate_3p0_20260623_013246,3.0,433.987,14,12,0.3365346790217926,3.1100273770553937,0.0032033153373816643,0.006485332611822603
hw4_b_ekf_corrected_gate_3p0_20260623_013246,3.0,434.187,13,12,0.5183848055819519,4.211036046138549,0.007795455648827683,0.008408576763449296
hw4_b_ekf_corrected_gate_3p0_20260623_013246,3.0,434.388,13,13,0.6151914471286338,6.245798152822133,0.006476697822399354,0.008933313139569687
hw4_b_ekf_corrected_gate_3p0_20260623_013246,3.0,434.587,13,13,0.2511862695609018,1.8287919607015093,0.0053288994147532975,0.006805244292751396
hw4_b_ekf_corrected_gate_3p0_20260623_013246,3.0,434.788,14,12,0.07442856724495915,0.47657386391931117,0.0046892389550552156,0.0035864105488216855
hw4_b_ekf_corrected_gate_3p0_20260623_013246,3.0,434.987,13,13,0.7592958164653213,6.0944392973581225,0.00658855799213259,0.009926498393302516
hw4_b_ekf_corrected_gate_3p0_20260623_013246,3.0,435.187,13,12,0.1094456828961049,0.5727494803642831,0.003075647137172505,0.0046256606702282654
hw4_b_ekf_corrected_gate_3p0_20260623_013246,3.0,435.388,13,12,0.1119974752334406,0.5594980340515749,0.003174261604398763,0.004709461469129687
hw4_b_ekf_corrected_gate_3p0_20260623_013246,3.0,435.588,13,12,0.21160700686753264,1.0460925041493425,0.004141989276818405,0.006664702601634487
hw4_b_ekf_corrected_gate_3p0_20260623_013246,3.0,435.787,13,13,0.8891291764159613,5.067570139573485,0.008215517200283618,0.010778395558288164
hw4_b_ekf_corrected_gate_3p0_20260623_013246,3.0,435.987,13,12,0.1519302236417881,0.6558430669022723,0.004586711483261273,0.005967836395912159
hw4_b_ekf_corrected_gate_3p0_20260623_013246,3.0,436.188,15,12,0.2937738292790347,1.333401616315753,0.006543303871790266,0.007485663616936607
hw4_b_ekf_corrected_gate_3p0_20260623_013246,3.0,436.387,13,12,0.6122838848859725,4.611912515496856,0.010283492946532894,0.009159155407531224
hw4_b_ekf_corrected_gate_3p0_20260623_013246,3.0,436.587,14,12,0.3449740555412382,2.9313455558389108,0.00933087094599107,0.007313677041750899
hw4_b_ekf_corrected_gate_3p0_20260623_013246,3.0,436.788,15,12,0.24715978755471588,1.9497752547482337,0.00449219024784681,0.007103074313210435
hw4_b_ekf_corrected_gate_3p0_20260623_013246,3.0,436.987,14,12,0.5756600863669749,1.8556577809311041,0.007809591338052019,0.01169156820243313
hw4_b_ekf_corrected_gate_3p0_20260623_013246,3.0,437.187,15,12,0.2547393824057709,1.844811532471451,0.005830276154311038,0.007899669736902565
hw4_b_ekf_corrected_gate_3p0_20260623_013246,3.0,437.388,15,13,0.5740918171082063,3.4340161258134274,0.005921114778336127,0.010199071925663213
hw4_b_ekf_corrected_gate_3p0_20260623_013246,3.0,437.587,15,12,0.24852139863039677,1.9005888661130084,0.005504872507502854,0.006951984526714435
hw4_b_ekf_corrected_gate_3p0_20260623_013246,3.0,437.787,18,12,0.4679699939547448,2.913697150984938,0.006344630095827045,0.010439937830082282
hw4_b_ekf_corrected_gate_3p0_20260623_013246,3.0,437.987,16,12,0.2501378036714099,1.1469575423731955,0.006598212422488606,0.007924807012438159
hw4_b_ekf_corrected_gate_3p0_20260623_013246,3.0,438.187,17,12,0.7003204512041606,3.9127031826354752,0.009285153317301655,0.012429203730248584
hw4_b_ekf_corrected_gate_3p0_20260623_013246,3.0,438.388,16,12,0.9735182252069657,7.320879803990347,0.009073200881032068,0.014565884893865158
hw4_b_ekf_corrected_gate_3p0_20260623_013246,3.0,438.587,15,12,0.9255630374024921,3.197976798520958,0.011463595909683282,0.015452808904323443
hw4_b_ekf_corrected_gate_3p0_20260623_013246,3.0,438.788,14,11,0.820912601382794,5.2515429935386475,0.006967330481162806,0.01204084577589432
hw4_b_ekf_corrected_gate_3p0_20260623_013246,3.0,438.987,17,12,0.35002410116776606,2.535293978914581,0.006658470282676059,0.008928335758700908
hw4_b_ekf_corrected_gate_3p0_20260623_013246,3.0,439.187,17,13,0.5047263893865843,1.6218039321241629,0.0059119643821022895,0.01048256888425625
hw4_b_ekf_corrected_gate_3p0_20260623_013246,3.0,439.387,16,12,0.7944866719756299,6.167834102742427,0.008303497680510318,0.013249153991316523
hw4_b_ekf_corrected_gate_3p0_20260623_013246,3.0,439.587,14,12,0.35211781910897627,1.8866921295642174,0.007783307329057326,0.008661270418812927
hw4_b_ekf_corrected_gate_3p0_20260623_013246,3.0,439.788,14,12,0.7518019454083255,6.219782576172262,0.004797744095949654,0.011061709096824024
hw4_b_ekf_corrected_gate_3p0_20260623_013246,3.0,439.987,14,12,0.5649751396034072,2.6152222062536477,0.0074789857671799355,0.010506753191787316
hw4_b_ekf_corrected_gate_3p0_20260623_013246,3.0,440.188,13,11,0.43998912939939955,1.5504197677481637,0.010605106984378228,0.010768462030816566
hw4_b_ekf_corrected_gate_3p0_20260623_013246,3.0,440.387,13,11,0.5085057798637087,2.282141325870899,0.004947710177554687,0.010341349643544969
hw4_b_ekf_corrected_gate_3p0_20260623_013246,3.0,440.588,14,10,0.42806169727565474,1.6396477536386627,0.007227240591175255,0.013175651587859438
hw4_b_ekf_corrected_gate_3p0_20260623_013246,3.0,440.788,14,10,0.13500658253582415,0.9091959612885057,0.004343170903151211,0.005423741474872235
hw4_b_ekf_corrected_gate_3p0_20260623_013246,3.0,440.988,14,11,1.7014451201269247,8.95531600690204,0.03348967747752138,0.019034204472966818
hw4_b_ekf_corrected_gate_3p0_20260623_013246,3.0,441.188,15,11,0.9094001451595051,3.4080355228081216,0.008931268178145123,0.015825132011385377
hw4_b_ekf_corrected_gate_3p0_20260623_013246,3.0,441.388,14,11,0.5173888376825857,4.367326030843354,0.005534473615487156,0.009588334498356449
hw4_b_ekf_corrected_gate_3p0_20260623_013246,3.0,441.587,16,10,0.5564752445534286,3.310858187865727,0.006708270261970251,0.011447380902163818
hw4_b_ekf_corrected_gate_3p0_20260623_013246,3.0,441.787,14,9,0.24845741210862604,1.3355047610129762,0.0054940454997664595,0.007576237265035473
hw4_b_ekf_corrected_gate_3p0_20260623_013246,3.0,441.987,13,9,0.47979879042135504,1.7840884388451577,0.005544043380078455,0.011345874420583978
hw4_b_ekf_corrected_gate_3p0_20260623_013246,3.0,442.187,15,9,1.5409483703220395,5.649496245285837,0.048849346860455646,0.01248641094951846
hw4_b_ekf_corrected_gate_3p0_20260623_013246,3.0,442.388,13,9,0.2177915574777268,1.0631100274211946,0.0038857683051662806,0.007696727053926384
hw4_b_ekf_corrected_gate_3p0_20260623_013246,3.0,442.587,14,9,1.5572348949534853,4.90911247026784,0.043444020264538696,0.02121354170373761
hw4_b_ekf_corrected_gate_3p0_20260623_013246,3.0,442.787,12,9,0.8348180051332713,5.091813831387483,0.006050579937751272,0.014649086663432762
hw4_b_ekf_corrected_gate_3p0_20260623_013246,3.0,442.987,10,8,0.49257265564642383,2.1387446538557784,0.006705965845939334,0.011683461897488853
hw4_b_ekf_corrected_gate_3p0_20260623_013246,3.0,443.187,10,7,0.10198764073217037,0.2897114264056446,0.003703270897112706,0.005474732420170476
hw4_b_ekf_corrected_gate_3p0_20260623_013246,3.0,443.387,12,7,0.3255436598519669,0.7972769972139274,0.0075703845800616665,0.010600923761779948
hw4_b_ekf_corrected_gate_3p0_20260623_013246,3.0,443.587,10,7,0.07899358191929486,0.3336447438928682,0.004644475460079377,0.004657981518147701
hw4_b_ekf_corrected_gate_3p0_20260623_013246,3.0,443.787,9,7,0.1444621859675768,0.49670742995914685,0.006204106935814762,0.006538994816055767
hw4_b_ekf_corrected_gate_3p0_20260623_013246,3.0,443.988,9,7,1.3377062935800317,8.965985872062584,0.004260131451006478,0.01742719181546315
hw4_b_ekf_corrected_gate_3p0_20260623_013246,3.0,444.187,9,7,0.4198440477052601,2.0131235040989406,0.007759733608273002,0.010513525180359504
hw4_b_ekf_corrected_gate_3p0_20260623_013246,3.0,444.387,9,7,0.4859255315264285,2.5605744334923313,0.009801725693623633,0.010776813381379344
hw4_b_ekf_corrected_gate_3p0_20260623_013246,3.0,444.588,9,7,1.0414057385686062,3.682648757651032,0.011509202370045749,0.016165036329786504
hw4_b_ekf_corrected_gate_3p0_20260623_013246,3.0,444.788,9,6,0.04773708307549488,0.09462524162313381,0.004652168946292057,0.003929522695572303
hw4_b_ekf_corrected_gate_3p0_20260623_013246,3.0,444.987,9,7,0.2295404291085416,0.6594974639215002,0.016628480857233143,0.005552854014880196
hw4_b_ekf_corrected_gate_3p0_20260623_013246,3.0,445.187,8,6,0.2741253283289198,1.1572657330631613,0.0077348040749819534,0.006876598117096945
hw4_b_ekf_corrected_gate_3p0_20260623_013246,3.0,445.387,8,5,1.242965478973473,4.299644439806783,0.040078210730516484,0.011983587660685146
hw4_b_ekf_corrected_gate_3p0_20260623_013246,3.0,445.588,9,7,0.17500656864867678,0.7862420236393649,0.009942139717721234,0.005266713403895514
hw4_b_ekf_corrected_gate_3p0_20260623_013246,3.0,445.787,10,7,0.6619221650537207,2.756120144363335,0.021420942406557158,0.010505989212668432
hw4_b_ekf_corrected_gate_3p0_20260623_013246,3.0,445.987,9,7,0.7123483605656915,3.056338073229042,0.025788734487376553,0.012766473391492006
hw4_b_ekf_corrected_gate_3p0_20260623_013246,3.0,446.187,9,6,0.6180115249789514,2.1200508966161786,0.027591431145843236,0.010660914574738814
hw4_b_ekf_corrected_gate_3p0_20260623_013246,3.0,446.387,10,6,0.6625549250588255,1.874054940403728,0.013374185645356548,0.013692615963007443
hw4_b_ekf_corrected_gate_3p0_20260623_013246,3.0,446.587,8,6,0.4878280432455557,1.123709255647952,0.005812668841118029,0.013143914108000468
hw4_b_ekf_corrected_gate_3p0_20260623_013246,3.0,446.787,8,6,0.4712300442678206,1.1617693563677616,0.007221246320287071,0.01301765521060875
hw4_b_ekf_corrected_gate_3p0_20260623_013246,3.0,446.987,8,8,0.4599346260620276,1.8469881938940351,0.009924035185510285,0.010777890179714658
hw4_b_ekf_corrected_gate_3p0_20260623_013246,3.0,447.187,7,7,0.8141818800705873,3.821193705579322,0.012399720936880179,0.013320130251886145
hw4_b_ekf_corrected_gate_3p0_20260623_013246,3.0,447.387,7,6,0.20889927045013612,0.5757255856514072,0.00788169303673871,0.0084012618638266
hw4_b_ekf_corrected_gate_3p0_20260623_013246,3.0,447.587,7,6,1.0100950749528128,3.389473541820605,0.013331934058599374,0.016195853440388246
hw4_b_ekf_corrected_gate_3p0_20260623_013246,3.0,447.787,5,5,0.3431265459057527,0.7189545537499858,0.01031838945688961,0.010708061263373248
hw4_b_ekf_corrected_gate_3p0_20260623_013246,3.0,447.987,5,5,0.0627366643728585,0.1664165283781903,0.004750047574128047,0.004672752042275974
hw4_b_ekf_corrected_gate_3p0_20260623_013246,3.0,448.187,6,5,0.2823756623618243,1.0818990322815296,0.006668450646685198,0.008688640437771511
hw4_b_ekf_corrected_gate_3p0_20260623_013246,3.0,448.387,6,5,0.11666071963494887,0.33965816410591054,0.0064109765045746725,0.005801323604349995
hw4_b_ekf_corrected_gate_3p0_20260623_013246,3.0,448.587,5,5,0.09134157117566027,0.2978499622318917,0.005586414306748555,0.005468716145685693
hw4_b_ekf_corrected_gate_3p0_20260623_013246,3.0,448.787,5,5,0.3798139058016525,1.2826049600520388,0.006533416384955193,0.009268350606445597
hw4_b_ekf_corrected_gate_3p0_20260623_013246,3.0,448.987,5,5,0.35875717616251024,1.4088682887818471,0.007044536541362945,0.009966729908863691
hw4_b_ekf_corrected_gate_3p0_20260623_013246,3.0,449.187,5,5,0.33262316971112166,1.554036810374986,0.009615511724707693,0.007741185917121474
hw4_b_ekf_corrected_gate_3p0_20260623_013246,3.0,449.387,5,5,0.42368978593102113,1.5505700311436064,0.009143903051689727,0.011589780541134331
hw4_b_ekf_corrected_gate_3p0_20260623_013246,3.0,449.588,5,5,0.47943525897713873,2.278631061228613,0.009760174354823948,0.009071172241006908
hw4_b_ekf_corrected_gate_3p0_20260623_013246,3.0,449.787,5,5,0.11902156280690494,0.4001244232023858,0.0045005849637552945,0.005794045407364878
hw4_b_ekf_corrected_gate_3p0_20260623_013246,3.0,449.987,6,5,0.6336675125055935,2.5067448214795536,0.010841819660791518,0.013159430385560911
hw4_b_ekf_corrected_gate_3p0_20260623_013246,3.0,450.187,5,4,0.04922308465194161,0.1163851882136689,0.006642556118568427,0.003880476988093823
hw4_b_ekf_corrected_gate_3p0_20260623_013246,3.0,450.387,4,4,0.02975558099523768,0.08523420651813221,0.005910474877384803,0.002537836233468621
hw4_b_ekf_corrected_gate_3p0_20260623_013246,3.0,450.587,4,4,0.033174350861506136,0.0625069975787057,0.006175119134903817,0.002968015171183308
hw4_b_ekf_corrected_gate_3p0_20260623_013246,3.0,450.787,4,4,0.03816956725386279,0.05580190932540591,0.011246818915896434,0.0031056954945329063
hw4_b_ekf_corrected_gate_3p0_20260623_013246,3.0,450.987,4,4,0.030091673362758205,0.07533832711508788,0.00768203147287469,0.0025175042339724285
hw4_b_ekf_corrected_gate_3p0_20260623_013246,3.0,451.187,4,4,0.05499974323965519,0.07938670588159279,0.007618051200832976,0.004367107804307352
hw4_b_ekf_corrected_gate_3p0_20260623_013246,3.0,451.387,4,4,0.09518199521192436,0.16653449690823208,0.007995770078026918,0.005769283172591844
hw4_b_ekf_corrected_gate_3p0_20260623_013246,3.0,451.587,5,4,0.10577699315830744,0.19413919883248582,0.009680418806896643,0.005477235005845432
hw4_b_ekf_corrected_gate_3p0_20260623_013246,3.0,451.787,5,4,0.06828662480340573,0.1680097958569755,0.00911992195439476,0.0037846016021877427
hw4_b_ekf_corrected_gate_3p0_20260623_013246,3.0,451.988,5,4,0.09949845980610549,0.24510473097653906,0.009453393423495882,0.004386032448001065
hw4_b_ekf_corrected_gate_3p0_20260623_013246,3.0,452.188,6,4,0.0331139251121999,0.1124829431425873,0.0011170090606990937,0.002884190639146411
hw4_b_ekf_corrected_gate_3p0_20260623_013246,3.0,452.387,5,4,0.1589884861447429,0.5388788977321566,0.003837006655796154,0.0059971348135973435
hw4_b_ekf_corrected_gate_3p0_20260623_013246,3.0,452.587,6,4,0.24234099448839438,0.4571376906263912,0.02672921869161836,0.007349228832593646
hw4_b_ekf_corrected_gate_3p0_20260623_013246,3.0,452.787,5,4,0.5373183332787811,1.4616270703357297,0.03629893367656693,0.010009508089284747
hw4_b_ekf_corrected_gate_3p0_20260623_013246,3.0,452.987,6,5,0.4157831471896632,1.4730628191114346,0.022991343205948155,0.008336761653866853
hw4_b_ekf_corrected_gate_3p0_20260623_013246,3.0,453.187,5,4,0.4064921517529275,1.5044162644562478,0.012233355984821614,0.009087202699802455
hw4_b_ekf_corrected_gate_3p0_20260623_013246,3.0,453.387,5,4,0.37690066080741785,1.3346096439437887,0.008605179298429494,0.01006931473387565
hw4_b_ekf_corrected_gate_3p0_20260623_013246,3.0,453.587,5,4,0.41560114433594353,1.0896680165618167,0.009986416056999209,0.010950410142032019
hw4_b_ekf_corrected_gate_3p0_20260623_013246,3.0,453.787,5,4,0.2887445606339119,0.6690516386941296,0.005973593476794825,0.009236273523253652
hw4_b_ekf_corrected_gate_3p0_20260623_013246,3.0,453.987,5,4,0.15487111138860532,0.3422242963854262,0.009285174370731036,0.006215183175729055
hw4_b_ekf_corrected_gate_3p0_20260623_013246,3.0,454.188,5,4,0.20888229455679297,0.5638035027643307,0.008984180879789333,0.008064690001297947
hw4_b_ekf_corrected_gate_3p0_20260623_013246,3.0,454.387,5,4,0.13849844102917944,0.5003049890329643,0.009392369700908593,0.005458565106133351
hw4_b_ekf_corrected_gate_3p0_20260623_013246,3.0,454.588,5,4,0.13337135641447387,0.31411223542851086,0.01075684749287753,0.006878244442649839
hw4_b_ekf_corrected_gate_3p0_20260623_013246,3.0,454.787,6,5,0.05583639499972519,0.15271603554589508,0.008782962595673216,0.003746343247178796
hw4_b_ekf_corrected_gate_3p0_20260623_013246,3.0,454.987,6,5,0.04828512025848235,0.16790872893452588,0.0072045414959011735,0.0033964137594193478
hw4_b_ekf_corrected_gate_3p0_20260623_013246,3.0,455.187,8,6,0.3568126238526692,1.3729672082955213,0.011787363664013784,0.010371127025961028
hw4_b_ekf_corrected_gate_3p0_20260623_013246,3.0,455.387,6,5,0.1296929890207582,0.38479769848726353,0.011045951950546983,0.005877663899771912
hw4_b_ekf_corrected_gate_3p0_20260623_013246,3.0,455.587,8,5,0.0779570056335089,0.15581068770161247,0.008298006907740362,0.004332514129073628
hw4_b_ekf_corrected_gate_3p0_20260623_013246,3.0,455.787,7,5,0.08791258553840814,0.19565392543189825,0.008734999575364388,0.004803320585739801
hw4_b_ekf_corrected_gate_3p0_20260623_013246,3.0,455.987,7,6,0.09932653080813302,0.4274973196228511,0.010045701783261085,0.004957951135538097
hw4_b_ekf_corrected_gate_3p0_20260623_013246,3.0,456.187,9,6,0.23889844027323068,0.7955024757934993,0.012915671529181919,0.009110933033952532
hw4_b_ekf_corrected_gate_3p0_20260623_013246,3.0,456.387,7,5,0.09396513593770132,0.26117452003758235,0.005690897840243636,0.005536331602959033
hw4_b_ekf_corrected_gate_3p0_20260623_013246,3.0,456.587,8,5,0.14797792618455258,0.6115364612394958,0.011633194545538239,0.005306572786530772
hw4_b_ekf_corrected_gate_3p0_20260623_013246,3.0,456.788,9,5,0.03777691462808824,0.1007245764436418,0.0065408661672877065,0.003473283695137175
hw4_b_ekf_corrected_gate_3p0_20260623_013246,3.0,456.987,9,5,0.17303587057354966,0.5173934614323276,0.006950094106885807,0.007029046762570168
hw4_b_ekf_corrected_gate_3p0_20260623_013246,3.0,457.187,9,6,0.3125549128542686,1.242653842312807,0.014794599949181475,0.008712507276903666
hw4_b_ekf_corrected_gate_3p0_20260623_013246,3.0,457.387,8,5,0.0832973834609845,0.19140587793645725,0.009393324317957164,0.004638231830608142
hw4_b_ekf_corrected_gate_3p0_20260623_013246,3.0,457.587,8,6,0.8948308724803603,3.5745878137630682,0.009849475594193044,0.01737188932678409
hw4_b_ekf_corrected_gate_3p0_20260623_013246,3.0,457.787,8,5,0.18354480521701272,0.4526839266918974,0.008422262864249075,0.008718624522730556
hw4_b_ekf_corrected_gate_3p0_20260623_013246,3.0,457.987,7,5,0.16690962446880872,0.25821032849642567,0.00683649348509423,0.008715932270328675
hw4_b_ekf_corrected_gate_3p0_20260623_013246,3.0,458.187,8,6,0.12511530204298807,0.30739936214885055,0.008608881502826312,0.006970216701709016
hw4_b_ekf_corrected_gate_3p0_20260623_013246,3.0,458.387,10,6,2.0449238953996445,8.763336364114773,0.012888242826233584,0.0242598502729303
hw4_b_ekf_corrected_gate_3p0_20260623_013246,3.0,458.587,8,6,1.5632917329502891,2.084068748557277,0.08361707867557007,0.011437598862845233
hw4_b_ekf_corrected_gate_3p0_20260623_013246,3.0,458.787,10,7,0.6950421839220992,2.707464669327081,0.018016275346249437,0.01393861598435886
hw4_b_ekf_corrected_gate_3p0_20260623_013246,3.0,458.987,9,6,0.8991361107692072,2.4471429245184155,0.00918655583385583,0.01818884082527959
hw4_b_ekf_corrected_gate_3p0_20260623_013246,3.0,459.187,8,6,0.565921243965409,1.6628717327090503,0.007903437524539888,0.01256774134337855
hw4_b_ekf_corrected_gate_3p0_20260623_013246,3.0,459.391,9,6,1.519298688257942,7.291168510539075,0.009467150304060867,0.019755690517346287
hw4_b_ekf_corrected_gate_3p0_20260623_013246,3.0,459.587,9,6,0.24796246726526208,0.5728213489722833,0.007303181523319639,0.009551115018936665
hw4_b_ekf_corrected_gate_3p0_20260623_013246,3.0,459.787,10,6,0.44158102509237773,1.7144637066608994,0.0058955565738909406,0.010185670243873199
hw4_b_ekf_corrected_gate_3p0_20260623_013246,3.0,459.987,8,6,0.24960938861039036,0.5686668485841678,0.004086507784734285,0.009102682172072904
hw4_b_ekf_corrected_gate_3p0_20260623_013246,3.0,460.187,10,7,1.351300951032906,7.589991569666417,0.024277640534782985,0.01557116358196266
hw4_b_ekf_corrected_gate_3p0_20260623_013246,3.0,460.387,9,7,0.3556847070214967,0.9078353604121622,0.00897181242338535,0.008934730631749242
hw4_b_ekf_corrected_gate_3p0_20260623_013246,3.0,460.587,10,7,0.29814822247681544,0.7698642862196036,0.013729276712182893,0.007276092527971488
hw4_b_ekf_corrected_gate_3p0_20260623_013246,3.0,460.787,8,7,0.6312785345799037,1.2104875227252943,0.008848681648322351,0.013081437400118023
hw4_b_ekf_corrected_gate_3p0_20260623_013246,3.0,460.987,9,7,0.6242215157349197,2.110759405041482,0.030459470310265236,0.011162455185839582
hw4_b_ekf_corrected_gate_3p0_20260623_013246,3.0,461.187,7,6,1.0216126107830952,2.6077390788703085,0.01159903820953744,0.019265054623037386
hw4_b_ekf_corrected_gate_3p0_20260623_013246,3.0,461.388,8,6,1.319797551206095,4.866077146313049,0.028056414904320173,0.017567362602677477
hw4_b_ekf_corrected_gate_3p0_20260623_013246,3.0,461.587,10,7,1.6769834772451824,3.5168796145787735,0.08216224834448056,0.016532553393248235
hw4_b_ekf_corrected_gate_3p0_20260623_013246,3.0,461.787,9,6,1.7442329960650493,2.164092710139461,0.11258358243998877,0.008793620991024431
hw4_b_ekf_corrected_gate_3p0_20260623_013246,3.0,461.987,8,6,0.10035231472381528,0.22273712396102308,0.005577468195914481,0.005369635062488405
hw4_b_ekf_corrected_gate_3p0_20260623_013246,3.0,462.187,7,6,0.2969308760801029,0.5999303582887445,0.009358045760551548,0.010086647106540966
hw4_b_ekf_corrected_gate_3p0_20260623_013246,3.0,462.387,8,6,0.3475209919433005,0.7807044733450257,0.009599082753226176,0.010891316552972744
hw4_b_ekf_corrected_gate_3p0_20260623_013246,3.0,462.587,10,6,0.8644363655083446,1.162159046670354,0.023378298537010872,0.015788294579281104
hw4_b_ekf_corrected_gate_3p0_20260623_013246,3.0,462.788,10,7,1.8968645041435406,6.112266576101531,0.040252299157186595,0.024832768267990683
hw4_b_ekf_corrected_gate_3p0_20260623_013246,3.0,462.987,12,7,1.5106763770963678,6.5969698437643185,0.021585735994672377,0.02210017811249776
hw4_b_ekf_corrected_gate_3p0_20260623_013246,3.0,463.187,10,7,0.4477119903620818,1.713170291004132,0.008805548951540556,0.01217592497900182
hw4_b_ekf_corrected_gate_3p0_20260623_013246,3.0,463.387,9,8,1.1319366619874407,4.355494413883779,0.022934009360648454,0.01839059620444046
hw4_b_ekf_corrected_gate_3p0_20260623_013246,3.0,463.587,12,7,0.0855717667055533,0.3441335805194179,0.005851523886976255,0.004799871944611971
hw4_b_ekf_corrected_gate_3p0_20260623_013246,3.0,463.788,11,7,0.5975504423396,2.9750192125147032,0.012052149029698565,0.012355760924412389
hw4_b_ekf_corrected_gate_3p0_20260623_013246,3.0,463.987,10,7,0.834601191478672,3.1481686591694165,0.009959373598529322,0.014928045379880841
hw4_b_ekf_corrected_gate_3p0_20260623_013246,3.0,464.187,10,7,0.15891129358142267,0.5573051806691733,0.0044647029474271715,0.007135617575925767
hw4_b_ekf_corrected_gate_3p0_20260623_013246,3.0,464.387,14,8,0.9508139449113782,4.757962647822282,0.017128281473002424,0.015649374677067437
hw4_b_ekf_corrected_gate_3p0_20260623_013246,3.0,464.587,13,8,2.138277476965211,5.46210526365692,0.12238355393724534,0.012735135295239203
hw4_b_ekf_corrected_gate_3p0_20260623_013246,3.0,464.787,14,8,0.7186577297572889,3.1138822577014555,0.01249180910082523,0.013155202474106148
hw4_b_ekf_corrected_gate_3p0_20260623_013246,3.0,464.988,12,8,0.6841162571877983,2.19463882826057,0.007678317050630143,0.013756101417811278
hw4_b_ekf_corrected_gate_3p0_20260623_013246,3.0,465.188,12,8,0.9337484313320572,5.415710025838504,0.006710640418413641,0.014191139506407685
hw4_b_ekf_corrected_gate_3p0_20260623_013246,3.0,465.388,12,9,1.1494313365420696,7.552816315592656,0.00664789263161721,0.017349630643000474
hw4_b_ekf_corrected_gate_3p0_20260623_013246,3.0,465.588,14,8,1.1575770833351946,7.63384608111926,0.011064511703523405,0.015128792279322234
hw4_b_ekf_corrected_gate_3p0_20260623_013246,3.0,465.787,13,10,0.6241285315851804,1.7089775686712416,0.006465363890769948,0.014539695603823932
hw4_b_ekf_corrected_gate_3p0_20260623_013246,3.0,465.988,12,9,0.3734545572886885,1.7975502892479327,0.005314138712668504,0.008375811349172757
hw4_b_ekf_corrected_gate_3p0_20260623_013246,3.0,466.187,13,9,0.2819150091811622,0.779038036219548,0.006001186327447567,0.010277772183256366
hw4_b_ekf_corrected_gate_3p0_20260623_013246,3.0,466.387,15,9,0.6159003370247853,1.9899641600207258,0.010145121965272804,0.013980652603427747
hw4_b_ekf_corrected_gate_3p0_20260623_013246,3.0,466.587,10,9,0.3841241567594563,1.7334405223868863,0.007573849131995695,0.010332649592424796
hw4_b_ekf_corrected_gate_3p0_20260623_013246,3.0,466.787,12,9,0.7165924791008368,2.857458693433683,0.024522028109472918,0.012068618076982748
hw4_b_ekf_corrected_gate_3p0_20260623_013246,3.0,466.987,13,8,0.5640751755417125,2.066345894903238,0.007208099659146358,0.012959721250103001
hw4_b_ekf_corrected_gate_3p0_20260623_013246,3.0,467.187,14,10,0.9767244131107843,3.4992008745344285,0.011851910362243845,0.01715546209266163
hw4_b_ekf_corrected_gate_3p0_20260623_013246,3.0,467.388,15,11,1.6603181070798856,6.96010215050948,0.013975656368042261,0.020564639298842658
hw4_b_ekf_corrected_gate_3p0_20260623_013246,3.0,467.587,13,10,0.6703586881121082,3.51579810418737,0.0066696725496102945,0.011068552653373009
hw4_b_ekf_corrected_gate_3p0_20260623_013246,3.0,467.788,12,10,0.8173860942978074,2.533113641389897,0.009660364305255575,0.015405863610396775
hw4_b_ekf_corrected_gate_3p0_20260623_013246,3.0,467.988,15,10,1.9827466709794899,8.910357900715537,0.011886502314167297,0.021118239536262483
hw4_b_ekf_corrected_gate_3p0_20260623_013246,3.0,468.188,14,9,0.3399599154370038,1.0363726808271583,0.01516916012121924,0.00870903408476077
hw4_b_ekf_corrected_gate_3p0_20260623_013246,3.0,468.388,14,10,1.0405959028692358,5.697879790018445,0.014210868873905541,0.01574343276689554
hw4_b_ekf_corrected_gate_3p0_20260623_013246,3.0,468.587,15,9,0.3363052000672568,1.4566119597349962,0.006672123168703044,0.009547555231713023
hw4_b_ekf_corrected_gate_3p0_20260623_013246,3.0,468.787,14,10,1.2123254321752308,6.570775511558606,0.006660386011977345,0.017264545964148725
hw4_b_ekf_corrected_gate_3p0_20260623_013246,3.0,468.987,13,10,1.2911131190771357,5.262245414744755,0.007405711503056943,0.018720275849367217
hw4_b_ekf_corrected_gate_3p0_20260623_013246,3.0,469.187,13,10,0.8906394826674571,3.7259121765062533,0.006889777776161255,0.014540269503137226
hw4_b_ekf_corrected_gate_3p0_20260623_013246,3.0,469.388,13,10,0.993357361481839,4.182944870981141,0.009161753873608645,0.01611013589431056
hw4_b_ekf_corrected_gate_3p0_20260623_013246,3.0,469.587,13,10,1.2131625179004266,5.538401557406136,0.005445416871438229,0.017383954935251977
hw4_b_ekf_corrected_gate_3p0_20260623_013246,3.0,469.787,13,10,1.0606874373966497,3.597600403413832,0.00768129699997102,0.01612958669105615
