run_id,config_key,validation_gate,waypoint_index,t,gt_x,gt_y,gt_yaw,ref_x,ref_y,ref_yaw,distance_error,yaw_error
hw4_a_odom_feedback_gate_5p0_20260623_090954,a,5.0,0,444.23900000000003,0.5273257028531979,0.8894268574703146,1.209329390307826,0.55,0.95,1.3,0.06467788916641497,0.09067060969217411
hw4_a_odom_feedback_gate_5p0_20260623_090954,a,5.0,1,450.439,1.490282541216278,0.5848472950317166,-0.5618439199848171,1.55,0.55,-0.6499999999999999,0.06914122398839243,0.08815608001518282
hw4_a_odom_feedback_gate_5p0_20260623_090954,a,5.0,2,458.53900000000004,2.528757418007343,-0.28941655792038146,-1.483284891997671,2.55,-0.35,-1.57,0.06419969426663366,0.08671510800232896
hw4_a_odom_feedback_gate_5p0_20260623_090954,a,5.0,3,466.139,2.2948113697117902,-1.505888779194855,-2.650398599913826,2.25,-1.55,-2.75,0.06287971577835744,0.0996014000861738
hw4_a_odom_feedback_gate_5p0_20260623_090954,a,5.0,4,475.83900000000006,0.4202437312560835,-1.6202716450888621,-3.1311777830771765,0.35,-1.62,3.1,0.0702442565042238,0.05200752410240941
hw4_a_odom_feedback_gate_5p0_20260623_090954,a,5.0,5,484.939,-1.0068301054912239,-0.6263786170647437,2.3050439220561927,-1.05,-0.58,2.2,0.0633609967782784,0.1050439220561925
hw4_a_odom_feedback_gate_5p0_20260623_090954,a,5.0,6,494.139,-2.1103781980234646,0.48746901171100143,1.42924504716311,-2.12,0.55,1.35,0.06326692318798618,0.07924504716310987
hw4_a_odom_feedback_gate_5p0_20260623_090954,a,5.0,7,499.83900000000006,-1.7046735792152616,1.2155390389831016,0.29222209777005737,-1.65,1.25,0.2,0.064627843058667,0.09222209777005737
hw4_a_odom_feedback_gate_5p0_20260623_090954,a,5.0,8,507.83900000000006,-0.3154141630900613,1.5503285525202004,-0.06441476714876963,-0.25,1.55,-0.15,0.06541498818720118,0.08558523285123036
hw4_a_odom_feedback_gate_5p0_20260623_090954,a,5.0,9,515.539,0.09327165039901239,0.21861255070969263,-1.4851313865494002,0.1,0.15,-1.57,0.0689416623185375,0.08486861345059982
hw4_b_ekf_corrected_gate_5p0_20260623_091126,b,5.0,0,442.139,0.5392970461099155,0.9110884714207634,1.2565547171317988,0.55,0.95,1.3,0.04035666336983296,0.04344528286820126
hw4_b_ekf_corrected_gate_5p0_20260623_091126,b,5.0,1,448.33900000000006,1.531791064368391,0.5736774618606959,-0.6239380945851439,1.55,0.55,-0.6499999999999999,0.02986950848274524,0.02606190541485598
hw4_b_ekf_corrected_gate_5p0_20260623_091126,b,5.0,2,456.139,2.54495263872914,-0.30919606095740754,-1.476997261268731,2.55,-0.35,-1.57,0.041114927911771584,0.09300273873126907
hw4_b_ekf_corrected_gate_5p0_20260623_091126,b,5.0,3,463.83900000000006,2.2858700363228612,-1.5315721642885245,-2.6681451621512737,2.25,-1.55,-2.75,0.040326723581423245,0.08185483784872627
hw4_b_ekf_corrected_gate_5p0_20260623_091126,b,5.0,4,473.639,0.39527588784388246,-1.6287186862622742,-3.078386934649796,0.35,-1.62,3.1,0.0461077163844816,0.10479837252979099
hw4_b_ekf_corrected_gate_5p0_20260623_091126,b,5.0,5,482.73900000000003,-1.030070286971452,-0.6076100312170155,2.267249387295061,-1.05,-0.58,2.2,0.03405153866134175,0.0672493872950608
hw4_b_ekf_corrected_gate_5p0_20260623_091126,b,5.0,6,491.73900000000003,-2.1274691412369595,0.5139071326621889,1.3845216907603253,-2.12,0.55,1.35,0.036857606317861745,0.034521690760325185
hw4_b_ekf_corrected_gate_5p0_20260623_091126,b,5.0,7,497.639,-1.6695832196323812,1.228902236850515,0.28944692391492466,-1.65,1.25,0.2,0.02878572738497075,0.08944692391492465
hw4_b_ekf_corrected_gate_5p0_20260623_091126,b,5.0,8,505.639,-0.26783665548838353,1.5655609826274368,-0.06459753038726843,-0.25,1.55,-0.15,0.023670455410546527,0.08540246961273157
hw4_b_ekf_corrected_gate_5p0_20260623_091126,b,5.0,9,513.239,0.10229933151204748,0.20437755501373592,-1.4682790766156517,0.1,0.15,-1.57,0.05442614642498742,0.10172092338434835
hw4_c_ekf_prediction_only_gate_5p0_20260623_091256,c,5.0,0,445.03900000000004,0.5263769900589294,0.8880951323037511,1.207056802232211,0.55,0.95,1.3,0.06625903140829931,0.09294319776778903
hw4_c_ekf_prediction_only_gate_5p0_20260623_091256,c,5.0,1,451.139,1.482994246765738,0.5668294379701335,-0.5749050509042442,1.55,0.55,-0.6499999999999999,0.06908690866496627,0.07509494909575576
hw4_c_ekf_prediction_only_gate_5p0_20260623_091256,c,5.0,2,459.23900000000003,2.4978781969975867,-0.3346970589845568,-1.5083428098820038,2.55,-0.35,-1.57,0.05432184046904607,0.06165719011799631
hw4_c_ekf_prediction_only_gate_5p0_20260623_091256,c,5.0,3,466.939,2.2333202883972616,-1.5461641707690597,-2.6986703311898657,2.25,-1.55,-2.75,0.017115091733305516,0.05132966881013434
hw4_c_ekf_prediction_only_gate_5p0_20260623_091256,c,5.0,4,476.53900000000004,0.3552326101759276,-1.615391788409922,3.1274653304930378,0.35,-1.62,3.1,0.0069725048090446854,0.02746533049303768
hw4_c_ekf_prediction_only_gate_5p0_20260623_091256,c,5.0,5,485.73900000000003,-1.0486282616634481,-0.5870242016945244,2.2603202065553925,-1.05,-0.58,2.2,0.007156890072463478,0.060320206555392275
hw4_c_ekf_prediction_only_gate_5p0_20260623_091256,c,5.0,6,494.939,-2.125639492265299,0.5537913715191306,1.3969692426887046,-2.12,0.55,1.35,0.006795466945430474,0.046969242688704504
hw4_c_ekf_prediction_only_gate_5p0_20260623_091256,c,5.0,7,500.639,-1.7029228888314276,1.2737413429112807,0.26875290648747874,-1.65,1.25,0.2,0.05800416817345694,0.06875290648747873
hw4_c_ekf_prediction_only_gate_5p0_20260623_091256,c,5.0,8,508.639,-0.30449511378223404,1.576909146833406,-0.0879245507525235,-0.25,1.55,-0.15,0.060776801572972196,0.06207544924747649
hw4_c_ekf_prediction_only_gate_5p0_20260623_091256,c,5.0,9,516.339,0.07816775987088308,0.23127614323636755,-1.4954607308990189,0.1,0.15,-1.57,0.08415734173816304,0.07453926910098119
hw4_b_ekf_corrected_gate_2p0_20260623_091431,b,2.0,0,446.439,0.544394026326739,0.9287113558980717,1.2378029306699294,0.55,0.95,1.3,0.022014388670227918,0.06219706933007063
hw4_b_ekf_corrected_gate_2p0_20260623_091431,b,2.0,1,452.53900000000004,1.5180048592557713,0.5790110560695029,-0.5470296595660167,1.55,0.55,-0.6499999999999999,0.0431894710029058,0.10297034043398323
hw4_b_ekf_corrected_gate_2p0_20260623_091431,b,2.0,2,460.439,2.544502191303268,-0.3093751681112421,-1.4668914201182102,2.55,-0.35,-1.57,0.04099515662191937,0.1031085798817899
hw4_b_ekf_corrected_gate_2p0_20260623_091431,b,2.0,3,468.139,2.287329858437637,-1.534581237014141,-2.6644617895299283,2.25,-1.55,-2.75,0.04038881754877366,0.08553821047007171
hw4_b_ekf_corrected_gate_2p0_20260623_091431,b,2.0,4,477.83900000000006,0.39077601282598123,-1.628183973346151,-3.071876999386689,0.35,-1.62,3.1,0.04158918900044933,0.11130830779289737
hw4_b_ekf_corrected_gate_2p0_20260623_091431,b,2.0,5,486.83900000000006,-1.0280072192280987,-0.6053529027313278,2.2884361885055395,-1.05,-0.58,2.2,0.033562659057129025,0.08843618850553936
hw4_b_ekf_corrected_gate_2p0_20260623_091431,b,2.0,6,495.939,-2.1293659170527524,0.5190773527594063,1.4064975129859676,-2.12,0.55,1.35,0.03230991356542506,0.056497512985967495
hw4_b_ekf_corrected_gate_2p0_20260623_091431,b,2.0,7,501.639,-1.6941455764416935,1.2380614601869242,0.28227422499840965,-1.65,1.25,0.2,0.04573139678861567,0.08227422499840964
hw4_b_ekf_corrected_gate_2p0_20260623_091431,b,2.0,8,509.53900000000004,-0.28873789932660804,1.5613520492218866,-0.04821474242011409,-0.25,1.55,-0.15,0.040366989803235956,0.10178525757988591
hw4_b_ekf_corrected_gate_2p0_20260623_091431,b,2.0,9,517.239,0.10694444278957012,0.19711625683893869,-1.5040463803693485,0.1,0.15,-1.57,0.047625276315948546,0.0659536196306516
hw4_b_ekf_corrected_gate_10p0_20260623_091610,b,10.0,0,448.139,0.5528915137186641,0.8875539405931346,1.1841794094529312,0.55,0.95,1.3,0.06251296815086431,0.11582059054706884
hw4_b_ekf_corrected_gate_10p0_20260623_091610,b,10.0,1,454.139,1.5108773876159283,0.5946984735511586,-0.5262066530426711,1.55,0.55,-0.6499999999999999,0.05940145063513133,0.1237933469573288
hw4_b_ekf_corrected_gate_10p0_20260623_091610,b,10.0,2,462.03900000000004,2.5516873771946447,-0.3034250347254343,-1.446672014333267,2.55,-0.35,-1.57,0.04660552147679506,0.12332798566673309
hw4_b_ekf_corrected_gate_10p0_20260623_091610,b,10.0,3,469.23900000000003,2.198100346947303,-1.4724632754955362,-2.648630550071862,2.25,-1.55,-2.75,0.09330336346494393,0.10136944992813789
hw4_b_ekf_corrected_gate_10p0_20260623_091610,b,10.0,4,478.53900000000004,0.39758659984765043,-1.6395250238604515,-3.134285191125823,0.35,-1.62,3.1,0.051436475791130976,0.048900116053763897
hw4_b_ekf_corrected_gate_10p0_20260623_091610,b,10.0,5,488.83900000000006,-1.0557804164236861,-0.6022753985056474,2.108235355101704,-1.05,-0.58,2.2,0.023013183017927333,0.09176464489829604
hw4_b_ekf_corrected_gate_10p0_20260623_091610,b,10.0,6,497.83900000000006,-2.194362130272352,0.526135470251387,1.181826640802703,-2.12,0.55,1.35,0.07809764528309841,0.16817335919729715
hw4_b_ekf_corrected_gate_10p0_20260623_091610,b,10.0,7,505.53900000000004,-1.5809246930049976,1.1935027642231129,0.26246220673796244,-1.65,1.25,0.2,0.08923752398449315,0.062462206737962434
hw4_b_ekf_corrected_gate_10p0_20260623_091610,b,10.0,8,513.9390000000001,-0.2769939732156863,1.5251692217741062,-0.052913280688081946,-0.25,1.55,-0.15,0.03667754268312852,0.09708671931191805
hw4_b_ekf_corrected_gate_10p0_20260623_091610,b,10.0,9,522.339,0.10609434210671956,0.16583366731367177,-1.4701285079163244,0.1,0.15,-1.57,0.016966025648742045,0.09987149208367563
